"Resistance Band Training",
"Functional Fitness",
"High-Intensity Interval Training",
"Core Stability Workouts",
"Bodyweight Circuit Training",
"Virtual Reality Exercise",
"Aquatic Aerobics",
"Mobility Drills",
"Nutrition and Depression",
"Exercise-Induced Mood Boost",
"Digital Mental Health Interventions",
"Neurofeedback Therapy",
"Sleep Quality and Anxiety",
"Mindfulness Meditation",
"Nature Exposure Therapy",
"Social Media Impact": ""
"Time-Restricted Eating",
"Probiotics for Gut Health",
"Ketogenic Diet Effects",
"Intermittent Fasting",
"Plant-Based Diets",
"Omega-3 Fatty Acids",
"Microbiome and Inflammation",
"Adaptogens in Diet"